大阪府泉大津市,1
北海道紋別市,1
北海道芽室町,1
北海道浜中町,1
北海道別海町,1
宮城県白石市,1
宮城県気仙沼市,1
宮城県塩竈市,1
宮城県多賀城市,1
宮城県大崎市,1
宮城県亘理町,2
山形県山形市,1
山形県天童市,1
福島県いわき市,2
福島県本宮市,1
福島県会津坂下町,1
福島県塙町,1
福島県新地町,1
茨城県牛久市,1
茨城県北茨城市,1
茨城県龍ケ崎市,1
茨城県高萩市,1
茨城県筑西市,1
茨城県守谷市,1
茨城県桜川市,1
群馬県みなかみ町,1
埼玉県羽生市,1
埼玉県戸田市,1
千葉県柏市,1
東京都杉並区,1
東京都足立区,1
東京都江戸川区,2
神奈川県中井町,1
神奈川県葉山町,1
新潟県新潟市,1
富山県滑川市,1
石川県加賀市,1
石川県金沢市,1
石川県輪島市,1
長野県,1
長野県松本市,1
長野県伊那市,1
長野県諏訪市,1
長野県須坂市,1
長野県喬木村,1
岐阜県多治見市,1
静岡県静岡市,2
静岡県伊東市,1
静岡県裾野市,1
京都府八幡市,1
大阪府枚方市,1
大阪府茨木市,1
大阪府箕面市,1
大阪府松原市,1
兵庫県明石市,1
大阪府田尻町,2
兵庫県赤穂市,6
兵庫県加西市,1
兵庫県川西市,1
兵庫県加東市,1
奈良県奈良市,1
奈良県生駒市,1
奈良県田原本町,1
奈良県三宅町,1
奈良県川西町,1
奈良県広陵町,1
奈良県河合町,1
和歌山県有田市,1
和歌山県橋本市,1
和歌山県海南市,1
和歌山県紀の川市,1
和歌山県新宮市,1
和歌山県那智勝浦町,1
鳥取県米子市,1
鳥取県,1
島根県海士町,1
岡山県備前市,1
岡山県高梁市,1
岡山県早島町,1
香川県三豊市,1
高知県佐川町,1
福岡県中間市,1
佐賀県伊万里市,1
佐賀県武雄市,2
佐賀県神埼市,1
北海道,3
北海道根室市,3
北海道厚沢部町,3
北海道倶知安町,7
北海道長沼町,3
北海道むかわ町,7
北海道羅臼町,7
北海道標津町,3
青森県三沢市,3
岩手県九戸村,7
岩手県洋野町,3
宮城県,3
宮城県石巻市,3
宮城県角田市,3
宮城県栗原市,4
宮城県登米市,3
宮城県大河原町,3
宮城県村田町,3
宮城県加美町,3
宮城県利府町,3
宮城県涌谷町,3
宮城県色麻町,4
福島県福島市,3
福島県須賀川市,3
福島県田村市,3
福島県会津若松市,3
福島県,3
福島県郡山市,4
福島県相馬市,3
福島県南相馬市,3
福島県桑折町,3
福島県檜枝岐村,3
福島県会津美里町,3
福島県鮫川村,3
福島県矢祭町,3
福島県棚倉町,3
福島県浅川町,3
茨城県古河市,3
茨城県水戸市,4
茨城県石岡市,3
茨城県下妻市,7
茨城県常陸太田市,3
茨城県結城市,3
茨城県坂東市,3
茨城県大洗町,7
茨城県小美玉市,3
茨城県河内町,7
茨城県五霞町,7
茨城県利根町,3
群馬県藤岡市,3
群馬県みどり市,7
群馬県板倉町,3
群馬県千代田町,3
埼玉県熊谷市,3
埼玉県蕨市,4
埼玉県新座市,3
埼玉県坂戸市,3
埼玉県吉川市,4
埼玉県神川町,4
千葉県船橋市,7
千葉県成田市,3
千葉県富津市,3
千葉県鎌ケ谷市,3
千葉県印西市,3
千葉県八街市,3
千葉県白井市,7
東京都墨田区,4
東京都大田区,3
東京都世田谷区,3
東京都渋谷区,7
東京都中野区,3
東京都三鷹市,3
東京都練馬区,3
東京都調布市,3
東京都国立市,3
神奈川県横須賀市,3
東京都八丈町,7
神奈川県鎌倉市,4
神奈川県逗子市,3
神奈川県三浦市,3
神奈川県秦野市,3
神奈川県大井町,3
神奈川県開成町,7
新潟県加茂市,3
新潟県長岡市,3
新潟県妙高市,3
新潟県刈羽村,3
石川県かほく市,4
石川県津幡町,4
福井県永平寺町,3
山梨県上野原市,3
長野県小諸市,3
長野県飯田市,4
長野県富士見町,3
長野県辰野町,3
長野県木曽町,3
長野県白馬村,7
岐阜県大垣市,4
岐阜県御嵩町,3
静岡県沼津市,3
静岡県牧之原市,3
静岡県東伊豆町,7
静岡県伊豆の国市,3
静岡県川根本町,3
愛知県半田市,3
愛知県稲沢市,3
愛知県田原市,3
愛知県岩倉市,3
愛知県扶桑町,3
三重県,3
三重県桑名市,4
三重県度会町,7
大阪府,3
大阪府守口市,3
大阪府和泉市,3
大阪府柏原市,3
大阪府東大阪市,3
兵庫県姫路市,3
兵庫県神戸市,3
大阪府岬町,3
兵庫県芦屋市,3
兵庫県南あわじ市,3
兵庫県佐用町,3
兵庫県上郡町,3
奈良県大和高田市,3
奈良県宇陀市,3
奈良県五條市,3
奈良県三郷町,3
奈良県高取町,3
奈良県下市町,4
和歌山県岩出市,3
和歌山県紀美野町,3
和歌山県広川町,3
和歌山県日高町,3
和歌山県日高川町,3
鳥取県倉吉市,7
和歌山県古座川町,3
鳥取県境港市,7
鳥取県北栄町,3
鳥取県八頭町,3
島根県津和野町,3
岡山県岡山市,7
岡山県里庄町,3
山口県防府市,3
山口県光市,3
香川県坂出市,7
愛媛県宇和島市,3
愛媛県久万高原町,3
愛媛県西条市,3
愛媛県愛南町,3
高知県須崎市,3
高知県仁淀川町,3
福岡県,3
高知県四万十町,7
福岡県芦屋町,3
福岡県築上町,3
長崎県長崎市,3
長崎県五島市,7
熊本県美里町,3
熊本県御船町,3
大分県竹田市,3
大分県豊後大野市,3
宮崎県,3
宮崎県西米良村,3
宮崎県椎葉村,3
鹿児島県西之表市,3
鹿児島県阿久根市,7
鹿児島県肝付町,3
鹿児島県南種子町,3
鹿児島県瀬戸内町,3
沖縄県国頭村,3
沖縄県今帰仁村,7
沖縄県北谷町,3
沖縄県宜野座村,7
沖縄県西原町,3
沖縄県伊平屋村,3
